Name,Hex (24 bit),Red (8 bit),Green (8 bit),Blue (8 bit),Hue (degrees),HSL.S (%),"HSL.L (%), HSV.S (%), HSV.V (%)",Color Group
Air Force Blue (Raf),#5d8aa8,93,138,168,204.0,30.1,51.2,Cyan Sedang
Air Force Blue (Usaf),#00308f,0,48,143,219.9,100.0,28.0,Biru Gelap
Air Superiority Blue,#72a0c1,114,160,193,205.1,38.9,60.2,Cyan Muda
Alabama Crimson,#a32638,163,38,56,351.4,62.2,39.4,Merah Sedang
Alice Blue,#f0f8ff,240,248,255,208.0,100.0,97.1,Putih
Alizarin Crimson,#e32636,227,38,54,354.9,77.1,52.0,Merah Sedang
Alloy Orange,#c46210,196,98,16,27.3,84.9,41.6,Merah Sedang
Almond,#efdecd,239,222,205,30.0,51.5,87.1,Oranye Terang
Amaranth,#e52b50,229,43,80,348.1,78.2,53.3,Merah Sedang
Amber,#ffbf00,255,191,0,44.9,100.0,50.0,Oranye Sedang
Amber (Sae/Ece),#ff7e00,255,126,0,29.6,100.0,50.0,Merah Sedang
American Rose,#ff033e,255,3,62,346.0,100.0,50.6,Merah Sedang
Amethyst,#96c,153,102,204,270.0,50.0,60.0,Ungu Muda
Android Green,#a4c639,164,198,57,74.5,55.3,50.0,Kuning Sedang
Anti-Flash White,#f2f3f4,242,243,244,210.0,8.3,95.3,Putih
Antique Brass,#cd9575,205,149,117,21.8,46.8,63.1,Oranye Muda
Antique Fuchsia,#915c83,145,92,131,315.8,22.4,46.5,Magenta Sedang
Antique Ruby,#841b2d,132,27,45,349.7,66.0,31.2,Merah Gelap
Antique White,#faebd7,250,235,215,34.3,77.8,91.2,Oranye Terang
Ao (English),#008000,0,128,0,120.0,100.0,25.1,Hijau Gelap
Apple Green,#8db600,141,182,0,73.5,100.0,35.7,Kuning Sedang
Apricot,#fbceb1,251,206,177,23.5,90.2,83.9,Oranye Terang
Aqua,#0ff,0,255,255,180.0,100.0,50.0,Cyan Muda
Aquamarine,#7fffd4,127,255,212,159.8,100.0,74.9,Cyan Muda
Army Green,#4b5320,75,83,32,69.4,44.3,22.5,Kuning Gelap
Arsenic,#3b444b,59,68,75,206.2,11.9,26.3,Abu-Abu
Arylide Yellow,#e9d66b,233,214,107,51.0,74.1,66.7,Oranye Muda
Ash Grey,#b2beb5,178,190,181,135.0,8.5,72.2,Abu-Abu
Asparagus,#87a96b,135,169,107,92.9,26.5,54.1,Kuning Sedang
Atomic Tangerine,#f96,255,153,102,20.0,100.0,70.0,Merah Muda
Auburn,#a52a2a,165,42,42,0.0,59.4,40.6,Merah Sedang
Aureolin,#fdee00,253,238,0,56.4,100.0,49.6,Oranye Muda
Aurometalsaurus,#6e7f80,110,127,128,183.3,7.6,46.7,Abu-Abu
Avocado,#568203,86,130,3,80.8,95.5,26.1,Kuning Gelap
Azure,#007fff,0,127,255,210.1,100.0,50.0,Cyan Sedang
Azure Mist/Web,#f0ffff,240,255,255,180.0,100.0,97.1,Putih
Baby Blue,#89cff0,137,207,240,199.2,77.4,73.9,Cyan Muda
Baby Blue Eyes,#a1caf1,161,202,241,209.2,74.1,78.8,Cyan Terang
Baby Pink,#f4c2c2,244,194,194,0.0,69.4,85.9,Merah Terang
Ball Blue,#21abcd,33,171,205,191.9,72.3,46.7,Cyan Sedang
Banana Mania,#fae7b5,250,231,181,43.5,87.3,84.5,Oranye Terang
Banana Yellow,#ffe135,255,225,53,51.1,100.0,60.4,Oranye Muda
Barn Red,#7c0a02,124,10,2,3.9,96.8,24.7,Merah Gelap
Battleship Grey,#848482,132,132,130,60.0,0.8,51.4,Abu-Abu
Bazaar,#98777b,152,119,123,352.7,13.8,53.1,Magenta Sedang
Beau Blue,#bcd4e6,188,212,230,205.7,45.7,82.0,Cyan Terang
Beaver,#9f8170,159,129,112,21.7,19.7,53.1,Oranye Sedang
Beige,#f5f5dc,245,245,220,60.0,55.6,91.2,Oranye Terang
Big Dip O’Ruby,#9c2542,156,37,66,345.4,61.7,37.8,Merah Sedang
Bisque,#ffe4c4,255,228,196,32.5,100.0,88.4,Oranye Terang
Bistre,#3d2b1f,61,43,31,24.0,32.6,18.0,Oranye Gelap
Bittersweet,#fe6f5e,254,111,94,6.4,98.8,68.2,Merah Muda
Bittersweet Shimmer,#bf4f51,191,79,81,358.9,46.7,52.9,Merah Sedang
Black,#000,0,0,0,0.0,0.0,0.0,Hitam
Black Bean,#3d0c02,61,12,2,10.2,93.7,12.4,Hitam
Black Leather Jacket,#253529,37,53,41,135.0,17.8,17.6,Abu-Abu
Black Olive,#3b3c36,59,60,54,70.0,5.3,22.4,Abu-Abu
Blanched Almond,#ffebcd,255,235,205,36.0,100.0,90.2,Oranye Terang
Blast-Off Bronze,#a57164,165,113,100,12.0,26.5,52.0,Oranye Sedang
Bleu De France,#318ce7,49,140,231,210.0,79.1,54.9,Cyan Sedang
Blizzard Blue,#ace5ee,172,229,238,188.2,66.0,80.4,Cyan Terang
Blond,#faf0be,250,240,190,50.0,85.7,86.3,Oranye Terang
Blue,#00f,0,0,255,240.0,100.0,50.0,Biru Sedang
Blue Bell,#a2a2d0,162,162,208,240.0,32.9,72.5,Biru Muda
Blue (Crayola),#1f75fe,31,117,254,216.9,99.1,55.9,Cyan Sedang
Blue Gray,#69c,102,153,204,210.0,50.0,60.0,Cyan Muda
Blue-Green,#0d98ba,13,152,186,191.8,86.9,39.0,Cyan Sedang
Blue (Munsell),#0093af,0,147,175,189.6,100.0,34.3,Cyan Sedang
Blue (Ncs),#0087bd,0,135,189,197.1,100.0,37.1,Cyan Sedang
Blue (Pigment),#339,51,51,153,240.0,50.0,40.0,Biru Sedang
Blue (Ryb),#0247fe,2,71,254,223.6,99.2,50.2,Biru Sedang
Blue Sapphire,#126180,18,97,128,196.9,75.3,28.6,Biru Sedang
Blue-Violet,#8a2be2,138,43,226,271.1,75.9,52.7,Ungu Sedang
Blush,#de5d83,222,93,131,342.3,66.2,61.8,Magenta Sedang
Bole,#79443b,121,68,59,8.7,34.4,35.3,Oranye Sedang
Bondi Blue,#0095b6,0,149,182,190.9,100.0,35.7,Cyan Sedang
Bone,#e3dac9,227,218,201,39.2,31.7,83.9,Oranye Terang
Boston University Red,#c00,204,0,0,0.0,100.0,40.0,Merah Gelap
Bottle Green,#006a4e,0,106,78,164.2,100.0,20.8,Hijau Gelap
Boysenberry,#873260,135,50,96,327.5,45.9,36.3,Merah Sedang
Brandeis Blue,#0070ff,0,112,255,213.6,100.0,50.0,Cyan Sedang
Brass,#b5a642,181,166,66,52.2,46.6,48.4,Oranye Sedang
Brick Red,#cb4154,203,65,84,351.7,57.0,52.5,Merah Sedang
Bright Cerulean,#1dacd6,29,172,214,193.6,76.1,47.6,Cyan Sedang
Bright Green,#6f0,102,255,0,96.0,100.0,50.0,Hijau Sedang
Bright Lavender,#bf94e4,191,148,228,272.2,59.7,73.7,Ungu Muda
Bright Maroon,#c32148,195,33,72,345.6,71.1,44.7,Merah Sedang
Bright Pink,#ff007f,255,0,127,330.1,100.0,50.0,Magenta Sedang
Bright Turquoise,#08e8de,8,232,222,177.3,93.3,47.1,Cyan Muda
Bright Ube,#d19fe8,209,159,232,281.1,61.3,76.7,Ungu Muda
Brilliant Lavender,#f4bbff,244,187,255,290.3,100.0,86.7,Ungu Terang
Brilliant Rose,#ff55a3,255,85,163,332.5,100.0,66.7,Magenta Muda
Brink Pink,#fb607f,251,96,127,348.0,95.1,68.0,Magenta Muda
British Racing Green,#004225,0,66,37,153.6,100.0,12.9,Hitam
Bronze,#cd7f32,205,127,50,29.8,60.8,50.0,Merah Sedang
Brown (Traditional),#964b00,150,75,0,30.0,100.0,29.4,Merah Gelap
Brown (Web),#a52a2a,165,42,42,0.0,59.4,40.6,Merah Sedang
Bubble Gum,#ffc1cc,255,193,204,349.4,100.0,87.8,Magenta Terang
Bubbles,#e7feff,231,254,255,182.5,100.0,95.3,Putih
Buff,#f0dc82,240,220,130,49.1,78.6,72.5,Oranye Muda
Bulgarian Rose,#480607,72,6,7,359.1,84.6,15.3,Hitam
Burgundy,#800020,128,0,32,345.0,100.0,25.1,Merah Gelap
Burlywood,#deb887,222,184,135,33.8,56.9,70.0,Oranye Muda
Burnt Orange,#c50,204,85,0,25.0,100.0,40.0,Merah Sedang
Burnt Sienna,#e97451,233,116,81,13.8,77.6,61.6,Merah Sedang
Burnt Umber,#8a3324,138,51,36,8.8,58.6,34.1,Merah Gelap
Byzantine,#bd33a4,189,51,164,310.9,57.5,47.1,Magenta Sedang
Byzantium,#702963,112,41,99,311.0,46.4,30.0,Merah Sedang
Cadet,#536872,83,104,114,199.4,15.7,38.6,Cyan Sedang
Cadet Blue,#5f9ea0,95,158,160,181.8,25.5,50.0,Cyan Sedang
Cadet Grey,#91a3b0,145,163,176,205.2,16.4,62.9,Cyan Muda
Cadmium Green,#006b3c,0,107,60,153.6,100.0,21.0,Hijau Gelap
Cadmium Orange,#ed872d,237,135,45,28.1,84.2,55.3,Merah Sedang
Cadmium Red,#e30022,227,0,34,351.0,100.0,44.5,Merah Sedang
Cadmium Yellow,#fff600,255,246,0,57.9,100.0,50.0,Oranye Muda
Café Au Lait,#a67b5b,166,123,91,25.6,29.6,50.4,Oranye Sedang
Café Noir,#4b3621,75,54,33,30.0,38.9,21.2,Oranye Gelap
Cal Poly Green,#1e4d2b,30,77,43,136.6,43.9,21.0,Hijau Gelap
Cambridge Blue,#a3c1ad,163,193,173,140.0,19.5,69.8,Cyan Muda
Camel,#c19a6b,193,154,107,32.8,41.0,58.8,Oranye Muda
Cameo Pink,#efbbcc,239,187,204,340.4,61.9,83.5,Magenta Terang
Camouflage Green,#78866b,120,134,107,91.1,11.2,47.3,Kuning Sedang
Canary Yellow,#ffef00,255,239,0,56.2,100.0,50.0,Oranye Muda
Candy Apple Red,#ff0800,255,8,0,1.9,100.0,50.0,Merah Sedang
Candy Pink,#e4717a,228,113,122,355.3,68.0,66.9,Magenta Muda
Capri,#00bfff,0,191,255,195.1,100.0,50.0,Cyan Sedang
Caput Mortuum,#592720,89,39,32,7.4,47.1,23.7,Oranye Gelap
Cardinal,#c41e3a,196,30,58,349.9,73.5,44.3,Merah Sedang
Caribbean Green,#0c9,0,204,153,165.0,100.0,40.0,Cyan Sedang
Carmine,#960018,150,0,24,350.4,100.0,29.4,Merah Gelap
Carmine (M&P),#d70040,215,0,64,342.1,100.0,42.2,Merah Sedang
Carmine Pink,#eb4c42,235,76,66,3.6,80.9,59.0,Merah Sedang
Carmine Red,#ff0038,255,0,56,346.8,100.0,50.0,Merah Sedang
Carnation Pink,#ffa6c9,255,166,201,336.4,100.0,82.5,Magenta Terang
Carnelian,#b31b1b,179,27,27,0.0,73.8,40.4,Merah Gelap
Carolina Blue,#99badd,153,186,221,210.9,50.0,73.3,Cyan Muda
Carrot Orange,#ed9121,237,145,33,32.9,85.0,52.9,Merah Sedang
Catalina Blue,#062a78,6,42,120,221.1,90.5,24.7,Biru Gelap
Ceil,#92a1cf,146,161,207,225.2,38.9,69.2,Cyan Muda
Celadon,#ace1af,172,225,175,123.4,46.9,77.8,Cyan Muda
Celadon Blue,#007ba7,0,123,167,195.8,100.0,32.7,Cyan Sedang
Celadon Green,#2f847c,47,132,124,174.4,47.5,35.1,Cyan Sedang
Celeste (Colour),#b2ffff,178,255,255,180.0,100.0,84.9,Cyan Terang
Celestial Blue,#4997d0,73,151,208,205.3,59.0,55.1,Cyan Sedang
Cerise,#de3163,222,49,99,342.7,72.4,53.1,Merah Sedang
Cerise Pink,#ec3b83,236,59,131,335.6,82.3,57.8,Magenta Sedang
Cerulean,#007ba7,0,123,167,195.8,100.0,32.7,Cyan Sedang
Cerulean Blue,#2a52be,42,82,190,223.8,63.8,45.5,Biru Sedang
Cerulean Frost,#6d9bc3,109,155,195,207.9,41.7,59.6,Cyan Muda
Cg Blue,#007aa5,0,122,165,195.6,100.0,32.4,Cyan Sedang
Cg Red,#e03c31,224,60,49,3.8,73.8,53.5,Merah Sedang
Chamoisee,#a0785a,160,120,90,25.7,28.0,49.0,Oranye Sedang
Champagne,#fad6a5,250,214,165,34.6,89.5,81.4,Oranye Terang
Charcoal,#36454f,54,69,79,204.0,18.8,26.1,Biru Gelap
Charm Pink,#e68fac,230,143,172,340.0,63.5,73.1,Magenta Muda
Chartreuse (Traditional),#dfff00,223,255,0,67.5,100.0,50.0,Kuning Muda
Chartreuse (Web),#7fff00,127,255,0,90.1,100.0,50.0,Hijau Sedang
Cherry,#de3163,222,49,99,342.7,72.4,53.1,Merah Sedang
Cherry Blossom Pink,#ffb7c5,255,183,197,348.3,100.0,85.9,Magenta Terang
Chestnut,#cd5c5c,205,92,92,0.0,53.1,58.2,Merah Sedang
China Pink,#de6fa1,222,111,161,333.0,62.7,65.3,Magenta Muda
China Rose,#a8516e,168,81,110,340.0,34.9,48.8,Magenta Sedang
Chinese Red,#aa381e,170,56,30,11.1,70.0,39.2,Merah Sedang
Chocolate (Traditional),#7b3f00,123,63,0,30.7,100.0,24.1,Oranye Gelap
Chocolate (Web),#d2691e,210,105,30,25.0,75.0,47.1,Merah Sedang
Chrome Yellow,#ffa700,255,167,0,39.3,100.0,50.0,Merah Sedang
Cinereous,#98817b,152,129,123,12.4,12.3,53.9,Oranye Sedang
Cinnabar,#e34234,227,66,52,4.8,75.8,54.7,Merah Sedang
Cinnamon,#d2691e,210,105,30,25.0,75.0,47.1,Merah Sedang
Citrine,#e4d00a,228,208,10,54.5,91.6,46.7,Oranye Sedang
Classic Rose,#fbcce7,251,204,231,325.5,85.5,89.2,Magenta Terang
Cobalt,#0047ab,0,71,171,215.1,100.0,33.5,Biru Sedang
Cocoa Brown,#d2691e,210,105,30,25.0,75.0,47.1,Merah Sedang
Coffee,#6f4e37,111,78,55,24.6,33.7,32.5,Oranye Sedang
Columbia Blue,#9bddff,155,221,255,200.4,100.0,80.4,Cyan Terang
Congo Pink,#f88379,248,131,121,4.7,90.1,72.4,Merah Muda
Cool Black,#002e63,0,46,99,212.1,100.0,19.4,Biru Gelap
Cool Grey,#8c92ac,140,146,172,228.8,16.2,61.2,Cyan Muda
Copper,#b87333,184,115,51,28.9,56.6,46.1,Oranye Sedang
Copper (Crayola),#da8a67,218,138,103,18.3,60.8,62.9,Merah Muda
Copper Penny,#ad6f69,173,111,105,5.3,29.3,54.5,Oranye Sedang
Copper Red,#cb6d51,203,109,81,13.8,54.0,55.7,Merah Sedang
Copper Rose,#966,153,102,102,0.0,20.0,50.0,Merah Sedang
Coquelicot,#ff3800,255,56,0,13.2,100.0,50.0,Merah Sedang
Coral,#ff7f50,255,127,80,16.1,100.0,65.7,Merah Muda
Coral Pink,#f88379,248,131,121,4.7,90.1,72.4,Merah Muda
Coral Red,#ff4040,255,64,64,0.0,100.0,62.5,Merah Sedang
Cordovan,#893f45,137,63,69,355.1,37.0,39.2,Merah Sedang
Corn,#fbec5d,251,236,93,54.3,95.2,67.5,Oranye Muda
Cornell Red,#b31b1b,179,27,27,0.0,73.8,40.4,Merah Gelap
Cornflower Blue,#6495ed,100,149,237,218.5,79.2,66.1,Cyan Muda
Cornsilk,#fff8dc,255,248,220,48.0,100.0,93.1,Oranye Terang
Cosmic Latte,#fff8e7,255,248,231,42.5,100.0,95.3,Putih
Cotton Candy,#ffbcd9,255,188,217,334.0,100.0,86.9,Magenta Terang
Cream,#fffdd0,255,253,208,57.4,100.0,90.8,Oranye Terang
Crimson,#dc143c,220,20,60,348.0,83.3,47.1,Merah Sedang
Crimson Glory,#be0032,190,0,50,344.2,100.0,37.3,Merah Sedang
Cyan,#0ff,0,255,255,180.0,100.0,50.0,Cyan Muda
Cyan (Process),#00b7eb,0,183,235,193.3,100.0,46.1,Cyan Sedang
Daffodil,#ffff31,255,255,49,60.0,100.0,59.6,Oranye Muda
Dandelion,#f0e130,240,225,48,55.3,86.5,56.5,Oranye Muda
Dark Blue,#00008b,0,0,139,240.0,100.0,27.3,Biru Gelap
Dark Brown,#654321,101,67,33,30.0,50.7,26.3,Oranye Gelap
Dark Byzantium,#5d3954,93,57,84,315.0,24.0,29.4,Merah Gelap
Dark Candy Apple Red,#a40000,164,0,0,0.0,100.0,32.2,Merah Gelap
Dark Cerulean,#08457e,8,69,126,209.0,88.1,26.3,Biru Gelap
Dark Chestnut,#986960,152,105,96,9.6,22.6,48.6,Oranye Sedang
Dark Coral,#cd5b45,205,91,69,9.7,57.6,53.7,Merah Sedang
Dark Cyan,#008b8b,0,139,139,180.0,100.0,27.3,Cyan Sedang
Dark Electric Blue,#536878,83,104,120,205.9,18.2,39.8,Cyan Sedang
Dark Goldenrod,#b8860b,184,134,11,42.7,88.7,38.2,Oranye Sedang
Dark Gray,#a9a9a9,169,169,169,0.0,0.0,66.3,Abu-Abu
Dark Green,#013220,1,50,32,158.0,96.1,10.0,Hitam
Dark Imperial Blue,#00416a,0,65,106,203.2,100.0,20.8,Biru Gelap
Dark Jungle Green,#1a2421,26,36,33,162.0,16.1,12.2,Hitam
Dark Khaki,#bdb76b,189,183,107,55.6,38.3,58.0,Oranye Muda
Dark Lava,#483c32,72,60,50,27.3,18.0,23.9,Oranye Gelap
Dark Lavender,#734f96,115,79,150,270.4,31.0,44.9,Ungu Sedang
Dark Magenta,#8b008b,139,0,139,300.0,100.0,27.3,Magenta Sedang
Dark Midnight Blue,#036,0,51,102,210.0,100.0,20.0,Biru Gelap
Dark Olive Green,#556b2f,85,107,47,82.0,39.0,30.2,Kuning Gelap
Dark Orange,#ff8c00,255,140,0,32.9,100.0,50.0,Merah Sedang
Dark Orchid,#9932cc,153,50,204,280.1,60.6,49.8,Ungu Sedang
Dark Pastel Blue,#779ecb,119,158,203,212.1,44.7,63.1,Cyan Muda
Dark Pastel Green,#03c03c,3,192,60,138.1,96.9,38.2,Hijau Sedang
Dark Pastel Purple,#966fd6,150,111,214,262.7,55.7,63.7,Ungu Muda
Dark Pastel Red,#c23b22,194,59,34,9.4,70.2,44.7,Merah Sedang
Dark Pink,#e75480,231,84,128,342.0,75.4,61.8,Magenta Sedang
Dark Powder Blue,#039,0,51,153,220.0,100.0,30.0,Biru Gelap
Dark Raspberry,#872657,135,38,87,329.7,56.1,33.9,Merah Sedang
Dark Red,#8b0000,139,0,0,0.0,100.0,27.3,Merah Gelap
Dark Salmon,#e9967a,233,150,122,15.1,71.6,69.6,Merah Muda
Dark Scarlet,#560319,86,3,25,344.1,93.3,17.5,Hitam
Dark Sea Green,#8fbc8f,143,188,143,120.0,25.1,64.9,Hijau Muda
Dark Sienna,#3c1414,60,20,20,0.0,50.0,15.7,Hitam
Dark Slate Blue,#483d8b,72,61,139,248.5,39.0,39.2,Biru Sedang
Dark Slate Gray,#2f4f4f,47,79,79,180.0,25.4,24.7,Hijau Gelap
Dark Spring Green,#177245,23,114,69,150.3,66.4,26.9,Hijau Gelap
Dark Tan,#918151,145,129,81,45.0,28.3,44.3,Oranye Sedang
Dark Tangerine,#ffa812,255,168,18,38.0,100.0,53.5,Merah Sedang
Dark Taupe,#483c32,72,60,50,27.3,18.0,23.9,Oranye Gelap
Dark Terra Cotta,#cc4e5c,204,78,92,353.3,55.3,55.3,Merah Sedang
Dark Turquoise,#00ced1,0,206,209,180.9,100.0,41.0,Cyan Sedang
Dark Violet,#9400d3,148,0,211,282.1,100.0,41.4,Ungu Sedang
Dark Yellow,#9b870c,155,135,12,51.6,85.6,32.7,Oranye Sedang
Dartmouth Green,#00703c,0,112,60,152.1,100.0,22.0,Hijau Gelap
Davy'S Grey,#555,85,85,85,0.0,0.0,33.3,Abu-Abu
Debian Red,#d70a53,215,10,83,338.6,91.1,44.1,Merah Sedang
Deep Carmine,#a9203e,169,32,62,346.9,68.2,39.4,Merah Sedang
Deep Carmine Pink,#ef3038,239,48,56,357.5,85.7,56.3,Merah Sedang
Deep Carrot Orange,#e9692c,233,105,44,19.4,81.1,54.3,Merah Sedang
Deep Cerise,#da3287,218,50,135,329.6,69.4,52.5,Magenta Sedang
Deep Champagne,#fad6a5,250,214,165,34.6,89.5,81.4,Oranye Terang
Deep Chestnut,#b94e48,185,78,72,3.2,44.7,50.4,Merah Sedang
Deep Coffee,#704241,112,66,65,1.3,26.6,34.7,Oranye Sedang
Deep Fuchsia,#c154c1,193,84,193,300.0,46.8,54.3,Magenta Muda
Deep Jungle Green,#004b49,0,75,73,178.4,100.0,14.7,Hijau Gelap
Deep Lilac,#95b,153,85,187,280.0,42.9,53.3,Ungu Sedang
Deep Magenta,#c0c,204,0,204,300.0,100.0,40.0,Magenta Sedang
Deep Peach,#ffcba4,255,203,164,25.7,100.0,82.2,Oranye Terang
Deep Pink,#ff1493,255,20,147,327.6,100.0,53.9,Magenta Sedang
Deep Ruby,#843f5b,132,63,91,335.7,35.4,38.2,Merah Sedang
Deep Saffron,#f93,255,153,51,30.0,100.0,60.0,Merah Muda
Deep Sky Blue,#00bfff,0,191,255,195.1,100.0,50.0,Cyan Sedang
Deep Tuscan Red,#66424d,102,66,77,341.7,21.4,32.9,Merah Sedang
Denim,#1560bd,21,96,189,213.2,80.0,41.2,Biru Sedang
Desert,#c19a6b,193,154,107,32.8,41.0,58.8,Oranye Muda
Desert Sand,#edc9af,237,201,175,25.2,63.3,80.8,Oranye Terang
Dim Gray,#696969,105,105,105,0.0,0.0,41.2,Abu-Abu
Dodger Blue,#1e90ff,30,144,255,209.6,100.0,55.9,Cyan Sedang
Dogwood Rose,#d71868,215,24,104,334.9,79.9,46.9,Magenta Sedang
Dollar Bill,#85bb65,133,187,101,97.7,38.7,56.5,Kuning Sedang
Drab,#967117,150,113,23,42.5,73.4,33.9,Oranye Sedang
Duke Blue,#00009c,0,0,156,240.0,100.0,30.6,Biru Gelap
Earth Yellow,#e1a95f,225,169,95,34.2,68.4,62.7,Oranye Muda
Ebony,#555d50,85,93,80,96.9,7.5,33.9,Abu-Abu
Ecru,#c2b280,194,178,128,45.5,35.1,63.1,Oranye Muda
Eggplant,#614051,97,64,81,329.1,20.5,31.6,Merah Sedang
Eggshell,#f0ead6,240,234,214,46.2,46.4,89.0,Oranye Terang
Egyptian Blue,#1034a6,16,52,166,225.6,82.4,35.7,Biru Gelap
Electric Blue,#7df9ff,125,249,255,182.8,100.0,74.5,Cyan Terang
Electric Crimson,#ff003f,255,0,63,345.2,100.0,50.0,Merah Sedang
Electric Cyan,#0ff,0,255,255,180.0,100.0,50.0,Cyan Muda
Electric Green,#0f0,0,255,0,120.0,100.0,50.0,Hijau Sedang
Electric Indigo,#6f00ff,111,0,255,266.1,100.0,50.0,Ungu Sedang
Electric Lavender,#f4bbff,244,187,255,290.3,100.0,86.7,Ungu Terang
Electric Lime,#cf0,204,255,0,72.0,100.0,50.0,Kuning Muda
Electric Purple,#bf00ff,191,0,255,284.9,100.0,50.0,Ungu Sedang
Electric Ultramarine,#3f00ff,63,0,255,254.8,100.0,50.0,Biru Sedang
Electric Violet,#8f00ff,143,0,255,273.6,100.0,50.0,Ungu Sedang
Electric Yellow,#ff0,255,255,0,60.0,100.0,50.0,Oranye Muda
Emerald,#50c878,80,200,120,140.0,52.2,54.9,Cyan Sedang
English Lavender,#b48395,180,131,149,338.0,24.6,61.0,Magenta Muda
Eton Blue,#96c8a2,150,200,162,134.4,31.2,68.6,Cyan Muda
Fallow,#c19a6b,193,154,107,32.8,41.0,58.8,Oranye Muda
Falu Red,#801818,128,24,24,0.0,68.4,29.8,Merah Gelap
Fandango,#b53389,181,51,137,320.3,56.0,45.5,Magenta Sedang
Fashion Fuchsia,#f400a1,244,0,161,320.4,100.0,47.8,Magenta Sedang
Fawn,#e5aa70,229,170,112,29.7,69.2,66.9,Oranye Muda
Feldgrau,#4d5d53,77,93,83,142.5,9.4,33.3,Abu-Abu
Fern Green,#4f7942,79,121,66,105.8,29.4,36.7,Kuning Sedang
Ferrari Red,#ff2800,255,40,0,9.4,100.0,50.0,Merah Sedang
Field Drab,#6c541e,108,84,30,41.5,56.5,27.1,Oranye Gelap
Fire Engine Red,#ce2029,206,32,41,356.9,73.1,46.7,Merah Sedang
Firebrick,#b22222,178,34,34,0.0,67.9,41.6,Merah Sedang
Flame,#e25822,226,88,34,16.9,76.8,51.0,Merah Sedang
Flamingo Pink,#fc8eac,252,142,172,343.6,94.8,77.3,Magenta Muda
Flavescent,#f7e98e,247,233,142,52.0,86.8,76.3,Oranye Terang
Flax,#eedc82,238,220,130,50.0,76.1,72.2,Oranye Muda
Floral White,#fffaf0,255,250,240,40.0,100.0,97.1,Putih
Fluorescent Orange,#ffbf00,255,191,0,44.9,100.0,50.0,Oranye Sedang
Fluorescent Pink,#ff1493,255,20,147,327.6,100.0,53.9,Magenta Sedang
Fluorescent Yellow,#cf0,204,255,0,72.0,100.0,50.0,Kuning Muda
Folly,#ff004f,255,0,79,341.4,100.0,50.0,Merah Sedang
Forest Green (Traditional),#014421,1,68,33,148.7,97.1,13.5,Hitam
Forest Green (Web),#228b22,34,139,34,120.0,60.7,33.9,Hijau Gelap
French Beige,#a67b5b,166,123,91,25.6,29.6,50.4,Oranye Sedang
French Blue,#0072bb,0,114,187,203.4,100.0,36.7,Cyan Sedang
French Lilac,#86608e,134,96,142,289.6,19.3,46.7,Ungu Sedang
French Lime,#cf0,204,255,0,72.0,100.0,50.0,Kuning Muda
French Raspberry,#c72c48,199,44,72,349.2,63.8,47.6,Merah Sedang
French Rose,#f64a8a,246,74,138,337.7,90.5,62.7,Magenta Muda
Fuchsia,#f0f,255,0,255,300.0,100.0,50.0,Magenta Muda
Fuchsia (Crayola),#c154c1,193,84,193,300.0,46.8,54.3,Magenta Muda
Fuchsia Pink,#f7f,255,119,255,300.0,100.0,73.3,Magenta Terang
Fuchsia Rose,#c74375,199,67,117,337.3,54.1,52.2,Magenta Sedang
Fulvous,#e48400,228,132,0,34.7,100.0,44.7,Merah Sedang
Fuzzy Wuzzy,#c66,204,102,102,0.0,50.0,60.0,Merah Sedang
Gainsboro,#dcdcdc,220,220,220,0.0,0.0,86.3,Abu-Abu
Gamboge,#e49b0f,228,155,15,39.4,87.7,47.6,Merah Sedang
Ghost White,#f8f8ff,248,248,255,240.0,100.0,98.6,Putih
Ginger,#b06500,176,101,0,34.4,100.0,34.5,Merah Sedang
Glaucous,#6082b6,96,130,182,216.3,37.1,54.5,Cyan Sedang
Glitter,#e6e8fa,230,232,250,234.0,66.7,94.1,Putih
Gold (Metallic),#d4af37,212,175,55,45.9,64.6,52.4,Oranye Sedang
Gold (Web) (Golden),#ffd700,255,215,0,50.6,100.0,50.0,Oranye Muda
Golden Brown,#996515,153,101,21,36.4,75.9,34.1,Oranye Sedang
Golden Poppy,#fcc200,252,194,0,46.2,100.0,49.4,Oranye Sedang
Golden Yellow,#ffdf00,255,223,0,52.5,100.0,50.0,Oranye Muda
Goldenrod,#daa520,218,165,32,42.9,74.4,49.0,Oranye Sedang
Granny Smith Apple,#a8e4a0,168,228,160,112.9,55.7,76.1,Hijau Muda
Gray,#808080,128,128,128,0.0,0.0,50.2,Abu-Abu
Gray-Asparagus,#465945,70,89,69,117.0,12.7,31.0,Kuning Gelap
Gray (Html/Css Gray),#808080,128,128,128,0.0,0.0,50.2,Abu-Abu
Gray (X11 Gray),#bebebe,190,190,190,0.0,0.0,74.5,Abu-Abu
Green (Color Wheel) (X11 Green),#0f0,0,255,0,120.0,100.0,50.0,Hijau Sedang
Green (Crayola),#1cac78,28,172,120,158.3,72.0,39.2,Cyan Sedang
Green (Html/Css Green),#008000,0,128,0,120.0,100.0,25.1,Hijau Gelap
Green (Munsell),#00a877,0,168,119,162.5,100.0,32.9,Cyan Sedang
Green (Ncs),#009f6b,0,159,107,160.4,100.0,31.2,Cyan Sedang
Green (Pigment),#00a550,0,165,80,149.1,100.0,32.4,Hijau Sedang
Green (Ryb),#66b032,102,176,50,95.2,55.8,44.3,Hijau Sedang
Green-Yellow,#adff2f,173,255,47,83.7,100.0,59.2,Hijau Muda
Grullo,#a99a86,169,154,134,34.3,16.9,59.4,Oranye Muda
Guppie Green,#00ff7f,0,255,127,149.9,100.0,50.0,Cyan Sedang
Halayà úBe,#663854,102,56,84,323.5,29.1,31.0,Merah Sedang
Han Blue,#446ccf,68,108,207,222.7,59.1,53.9,Cyan Sedang
Han Purple,#5218fa,82,24,250,255.4,95.8,53.7,Biru Sedang
Hansa Yellow,#e9d66b,233,214,107,51.0,74.1,66.7,Oranye Muda
Harlequin,#3fff00,63,255,0,105.2,100.0,50.0,Hijau Sedang
Harvard Crimson,#c90016,201,0,22,353.4,100.0,39.4,Merah Gelap
Harvest Gold,#da9100,218,145,0,39.9,100.0,42.7,Merah Sedang
Heart Gold,#808000,128,128,0,60.0,100.0,25.1,Oranye Sedang
Heliotrope,#df73ff,223,115,255,286.3,100.0,72.5,Ungu Muda
Hollywood Cerise,#f400a1,244,0,161,320.4,100.0,47.8,Magenta Sedang
Honeydew,#f0fff0,240,255,240,120.0,100.0,97.1,Putih
Honolulu Blue,#007fbf,0,127,191,200.1,100.0,37.5,Cyan Sedang
Hooker'S Green,#49796b,73,121,107,162.5,24.7,38.0,Cyan Sedang
Hot Magenta,#ff1dce,255,29,206,313.0,100.0,55.7,Magenta Muda
Hot Pink,#ff69b4,255,105,180,330.0,100.0,70.6,Magenta Muda
Hunter Green,#355e3b,53,94,59,128.8,27.9,28.8,Hijau Gelap
Iceberg,#71a6d2,113,166,210,207.2,51.9,63.3,Cyan Muda
Icterine,#fcf75e,252,247,94,58.1,96.3,67.8,Oranye Muda
Imperial Blue,#002395,0,35,149,225.9,100.0,29.2,Biru Gelap
Inchworm,#b2ec5d,178,236,93,84.3,79.0,64.5,Kuning Muda
India Green,#138808,19,136,8,114.8,88.9,28.2,Hijau Gelap
Indian Red,#cd5c5c,205,92,92,0.0,53.1,58.2,Merah Sedang
Indian Yellow,#e3a857,227,168,87,34.7,71.4,61.6,Oranye Muda
Indigo,#6f00ff,111,0,255,266.1,100.0,50.0,Ungu Sedang
Indigo (Dye),#00416a,0,65,106,203.2,100.0,20.8,Biru Gelap
Indigo (Web),#4b0082,75,0,130,274.6,100.0,25.5,Biru Gelap
International Klein Blue,#002fa7,0,47,167,223.1,100.0,32.7,Biru Gelap
International Orange (Aerospace),#ff4f00,255,79,0,18.6,100.0,50.0,Merah Sedang
International Orange (Engineering),#ba160c,186,22,12,3.4,87.9,38.8,Merah Gelap
International Orange (Golden Gate Bridge),#c0362c,192,54,44,4.1,62.7,46.3,Merah Sedang
Iris,#5a4fcf,90,79,207,245.2,57.1,56.1,Biru Sedang
Isabelline,#f4f0ec,244,240,236,30.0,26.7,94.1,Putih
Islamic Green,#009000,0,144,0,120.0,100.0,28.2,Hijau Gelap
Ivory,#fffff0,255,255,240,60.0,100.0,97.1,Putih
Jade,#00a86b,0,168,107,158.2,100.0,32.9,Cyan Sedang
Jasmine,#f8de7e,248,222,126,47.2,89.7,73.3,Oranye Muda
Jasper,#d73b3e,215,59,62,358.8,66.1,53.7,Merah Sedang
Jazzberry Jam,#a50b5e,165,11,94,327.7,87.5,34.5,Merah Sedang
Jet,#343434,52,52,52,0.0,0.0,20.4,Abu-Abu
Jonquil,#fada5e,250,218,94,47.7,94.0,67.5,Oranye Muda
June Bud,#bdda57,189,218,87,73.3,63.9,59.8,Kuning Muda
Jungle Green,#29ab87,41,171,135,163.4,61.3,41.6,Cyan Sedang
Kelly Green,#4cbb17,76,187,23,100.6,78.1,41.2,Hijau Sedang
Kenyan Copper,#7c1c05,124,28,5,11.6,92.2,25.3,Merah Gelap
Khaki (Html/Css) (Khaki),#c3b091,195,176,145,37.2,29.4,66.7,Oranye Muda
Khaki (X11) (Light Khaki),#f0e68c,240,230,140,54.0,76.9,74.5,Oranye Terang
Ku Crimson,#e8000d,232,0,13,356.6,100.0,45.5,Merah Sedang
La Salle Green,#087830,8,120,48,141.4,87.5,25.1,Hijau Gelap
Languid Lavender,#d6cadd,214,202,221,277.9,21.8,82.9,Abu-Abu
Lapis Lazuli,#26619c,38,97,156,210.0,60.8,38.0,Biru Sedang
Laser Lemon,#fefe22,254,254,34,60.0,99.1,56.5,Oranye Muda
Laurel Green,#a9ba9d,169,186,157,95.2,17.4,67.3,Kuning Muda
Lava,#cf1020,207,16,32,355.0,85.7,43.7,Merah Sedang
Lavender Blue,#ccf,204,204,255,240.0,100.0,90.0,Biru Terang
Lavender Blush,#fff0f5,255,240,245,340.0,100.0,97.1,Putih
Lavender (Floral),#b57edc,181,126,220,275.1,57.3,67.8,Ungu Muda
Lavender Gray,#c4c3d0,196,195,208,244.6,12.1,79.0,Abu-Abu
Lavender Indigo,#9457eb,148,87,235,264.7,78.7,63.1,Ungu Muda
Lavender Magenta,#ee82ee,238,130,238,300.0,76.1,72.2,Magenta Terang
Lavender Mist,#e6e6fa,230,230,250,240.0,66.7,94.1,Putih
Lavender Pink,#fbaed2,251,174,210,331.9,90.6,83.3,Magenta Terang
Lavender Purple,#967bb6,150,123,182,267.5,28.8,59.8,Ungu Muda
Lavender Rose,#fba0e3,251,160,227,315.8,91.9,80.6,Magenta Terang
Lavender (Web),#e6e6fa,230,230,250,240.0,66.7,94.1,Putih
Lawn Green,#7cfc00,124,252,0,90.5,100.0,49.4,Hijau Sedang
Lemon,#fff700,255,247,0,58.1,100.0,50.0,Oranye Muda
Lemon Chiffon,#fffacd,255,250,205,54.0,100.0,90.2,Oranye Terang
Lemon Lime,#e3ff00,227,255,0,66.6,100.0,50.0,Kuning Muda
Licorice,#1a1110,26,17,16,6.0,23.8,8.2,Hitam
Light Apricot,#fdd5b1,253,213,177,28.4,95.0,84.3,Oranye Terang
Light Blue,#add8e6,173,216,230,194.7,53.3,79.0,Cyan Terang
Light Brown,#b5651d,181,101,29,28.4,72.4,41.2,Merah Sedang
Light Carmine Pink,#e66771,230,103,113,355.3,71.8,65.3,Magenta Sedang
Light Coral,#f08080,240,128,128,0.0,78.9,72.2,Merah Muda
Light Cornflower Blue,#93ccea,147,204,234,200.7,67.4,74.7,Cyan Muda
Light Crimson,#f56991,245,105,145,342.9,87.5,68.6,Magenta Muda
Light Cyan,#e0ffff,224,255,255,180.0,100.0,93.9,Cyan Terang
Light Fuchsia Pink,#f984ef,249,132,239,305.1,90.7,74.7,Magenta Terang
Light Goldenrod Yellow,#fafad2,250,250,210,60.0,80.0,90.2,Oranye Terang
Light Gray,#d3d3d3,211,211,211,0.0,0.0,82.7,Abu-Abu
Light Green,#90ee90,144,238,144,120.0,73.4,74.9,Hijau Muda
Light Khaki,#f0e68c,240,230,140,54.0,76.9,74.5,Oranye Terang
Light Pastel Purple,#b19cd9,177,156,217,260.7,44.5,73.1,Ungu Muda
Light Pink,#ffb6c1,255,182,193,351.0,100.0,85.7,Magenta Terang
Light Red Ochre,#e97451,233,116,81,13.8,77.6,61.6,Merah Sedang
Light Salmon,#ffa07a,255,160,122,17.1,100.0,73.9,Merah Muda
Light Salmon Pink,#f99,255,153,153,0.0,100.0,80.0,Merah Muda
Light Sea Green,#20b2aa,32,178,170,176.7,69.5,41.2,Cyan Sedang
Light Sky Blue,#87cefa,135,206,250,203.0,92.0,75.5,Cyan Muda
Light Slate Gray,#789,119,136,153,210.0,14.3,53.3,Cyan Sedang
Light Taupe,#b38b6d,179,139,109,25.7,31.5,56.5,Oranye Sedang
Light Thulian Pink,#e68fac,230,143,172,340.0,63.5,73.1,Magenta Muda
Light Yellow,#ffffe0,255,255,224,60.0,100.0,93.9,Oranye Terang
Lilac,#c8a2c8,200,162,200,300.0,25.7,71.0,Magenta Muda
Lime (Color Wheel),#bfff00,191,255,0,75.1,100.0,50.0,Hijau Sedang
Lime Green,#32cd32,50,205,50,120.0,60.8,50.0,Hijau Sedang
Lime (Web) (X11 Green),#0f0,0,255,0,120.0,100.0,50.0,Hijau Sedang
Limerick,#9dc209,157,194,9,72.0,91.1,39.8,Kuning Sedang
Lincoln Green,#195905,25,89,5,105.7,89.4,18.4,Hitam
Linen,#faf0e6,250,240,230,30.0,66.7,94.1,Putih
Lion,#c19a6b,193,154,107,32.8,41.0,58.8,Oranye Muda
Little Boy Blue,#6ca0dc,108,160,220,212.1,61.5,64.3,Cyan Muda
Liver,#534b4f,83,75,79,330.0,5.1,31.0,Abu-Abu
Lust,#e62020,230,32,32,0.0,79.8,51.4,Merah Sedang
Magenta,#f0f,255,0,255,300.0,100.0,50.0,Magenta Muda
Magenta (Dye),#ca1f7b,202,31,123,327.7,73.4,45.7,Magenta Sedang
Magenta (Process),#ff0090,255,0,144,326.1,100.0,50.0,Magenta Sedang
Magic Mint,#aaf0d1,170,240,209,153.4,70.0,80.4,Cyan Terang
Magnolia,#f8f4ff,248,244,255,261.8,100.0,97.8,Putih
Mahogany,#c04000,192,64,0,20.0,100.0,37.6,Merah Sedang
Maize,#fbec5d,251,236,93,54.3,95.2,67.5,Oranye Muda
Majorelle Blue,#6050dc,96,80,220,246.9,66.7,58.8,Biru Sedang
Malachite,#0bda51,11,218,81,140.3,90.4,44.9,Cyan Sedang
Manatee,#979aaa,151,154,170,230.5,10.1,62.9,Abu-Abu
Mango Tango,#ff8243,255,130,67,20.1,100.0,63.1,Merah Muda
Mantis,#74c365,116,195,101,110.4,43.9,58.0,Hijau Sedang
Mardi Gras,#880085,136,0,133,301.3,100.0,26.7,Magenta Sedang
Maroon (Crayola),#c32148,195,33,72,345.6,71.1,44.7,Merah Sedang
Maroon (Html/Css),#800000,128,0,0,0.0,100.0,25.1,Merah Gelap
Maroon (X11),#b03060,176,48,96,337.5,57.1,43.9,Merah Sedang
Mauve,#e0b0ff,224,176,255,276.5,100.0,84.5,Ungu Terang
Mauve Taupe,#915f6d,145,95,109,343.2,20.8,47.1,Magenta Sedang
Mauvelous,#ef98aa,239,152,170,347.6,73.1,76.7,Magenta Muda
Maya Blue,#73c2fb,115,194,251,205.1,94.4,71.8,Cyan Muda
Meat Brown,#e5b73b,229,183,59,43.8,76.6,56.5,Oranye Muda
Medium Aquamarine,#6da,102,221,170,154.3,63.6,63.3,Cyan Muda
Medium Blue,#0000cd,0,0,205,240.0,100.0,40.2,Biru Gelap
Medium Candy Apple Red,#e2062c,226,6,44,349.6,94.8,45.5,Merah Sedang
Medium Carmine,#af4035,175,64,53,5.4,53.5,44.7,Merah Sedang
Medium Champagne,#f3e5ab,243,229,171,48.3,75.0,81.2,Oranye Terang
Medium Electric Blue,#035096,3,80,150,208.6,96.1,30.0,Biru Gelap
Medium Jungle Green,#1c352d,28,53,45,160.8,30.9,15.9,Hijau Gelap
Medium Lavender Magenta,#dda0dd,221,160,221,300.0,47.3,74.7,Magenta Terang
Medium Orchid,#ba55d3,186,85,211,288.1,58.9,58.0,Ungu Muda
Medium Persian Blue,#0067a5,0,103,165,202.5,100.0,32.4,Cyan Sedang
Medium Purple,#9370db,147,112,219,259.6,59.8,64.9,Ungu Muda
Medium Red-Violet,#bb3385,187,51,133,323.8,57.1,46.7,Magenta Sedang
Medium Ruby,#aa4069,170,64,105,336.8,45.3,45.9,Magenta Sedang
Medium Sea Green,#3cb371,60,179,113,146.7,49.8,46.9,Cyan Sedang
Medium Slate Blue,#7b68ee,123,104,238,248.5,79.8,67.1,Ungu Muda
Medium Spring Bud,#c9dc87,201,220,135,73.4,54.8,69.6,Kuning Muda
Medium Spring Green,#00fa9a,0,250,154,157.0,100.0,49.0,Cyan Sedang
Medium Taupe,#674c47,103,76,71,9.4,18.4,34.1,Oranye Sedang
Medium Turquoise,#48d1cc,72,209,204,177.8,59.8,55.1,Cyan Muda
Medium Tuscan Red,#79443b,121,68,59,8.7,34.4,35.3,Oranye Sedang
Medium Vermilion,#d9603b,217,96,59,14.1,67.5,54.1,Merah Sedang
Medium Violet-Red,#c71585,199,21,133,322.2,80.9,43.1,Magenta Sedang
Mellow Apricot,#f8b878,248,184,120,30.0,90.1,72.2,Oranye Muda
Mellow Yellow,#f8de7e,248,222,126,47.2,89.7,73.3,Oranye Muda
Melon,#fdbcb4,253,188,180,6.6,94.8,84.9,Oranye Terang
Midnight Blue,#191970,25,25,112,240.0,63.5,26.9,Biru Gelap
Midnight Green (Eagle Green),#004953,0,73,83,187.2,100.0,16.3,Biru Gelap
Mikado Yellow,#ffc40c,255,196,12,45.4,100.0,52.4,Oranye Muda
Mint,#3eb489,62,180,137,158.1,48.8,47.5,Cyan Sedang
Mint Cream,#f5fffa,245,255,250,150.0,100.0,98.0,Putih
Mint Green,#98ff98,152,255,152,120.0,100.0,79.8,Hijau Muda
Misty Rose,#ffe4e1,255,228,225,6.0,100.0,94.1,Oranye Terang
Moccasin,#faebd7,250,235,215,34.3,77.8,91.2,Oranye Terang
Mode Beige,#967117,150,113,23,42.5,73.4,33.9,Oranye Sedang
Moonstone Blue,#73a9c2,115,169,194,199.0,39.3,60.6,Cyan Muda
Mordant Red 19,#ae0c00,174,12,0,4.1,100.0,34.1,Merah Gelap
Moss Green,#addfad,173,223,173,120.0,43.9,77.6,Hijau Muda
Mountain Meadow,#30ba8f,48,186,143,161.3,59.0,45.9,Cyan Sedang
Mountbatten Pink,#997a8d,153,122,141,323.2,13.2,53.9,Magenta Sedang
Msu Green,#18453b,24,69,59,166.7,48.4,18.2,Hijau Gelap
Mulberry,#c54b8c,197,75,140,328.0,51.3,53.3,Magenta Sedang
Mustard,#ffdb58,255,219,88,47.1,100.0,67.3,Oranye Muda
Myrtle,#21421e,33,66,30,115.0,37.5,18.8,Kuning Gelap
Nadeshiko Pink,#f6adc6,246,173,198,339.5,80.2,82.2,Magenta Terang
Napier Green,#2a8000,42,128,0,100.3,100.0,25.1,Hijau Gelap
Naples Yellow,#fada5e,250,218,94,47.7,94.0,67.5,Oranye Muda
Navajo White,#ffdead,255,222,173,35.9,100.0,83.9,Oranye Terang
Navy Blue,#000080,0,0,128,240.0,100.0,25.1,Biru Gelap
Neon Carrot,#ffa343,255,163,67,30.6,100.0,63.1,Merah Muda
Neon Fuchsia,#fe4164,254,65,100,348.9,99.0,62.5,Merah Sedang
Neon Green,#39ff14,57,255,20,110.6,100.0,53.9,Hijau Sedang
New York Pink,#d7837f,215,131,127,2.7,52.4,67.1,Merah Muda
Non-Photo Blue,#a4dded,164,221,237,193.2,67.0,78.6,Cyan Terang
North Texas Green,#059033,5,144,51,139.9,93.3,29.2,Hijau Gelap
Ocean Boat Blue,#0077be,0,119,190,202.4,100.0,37.3,Cyan Sedang
Ochre,#c72,204,119,34,30.0,71.4,46.7,Merah Sedang
Office Green,#008000,0,128,0,120.0,100.0,25.1,Hijau Gelap
Old Gold,#cfb53b,207,181,59,49.5,60.7,52.2,Oranye Sedang
Old Lace,#fdf5e6,253,245,230,39.1,85.2,94.7,Putih
Old Lavender,#796878,121,104,120,303.5,7.6,44.1,Abu-Abu
Old Mauve,#673147,103,49,71,335.6,35.5,29.8,Merah Gelap
Old Rose,#c08081,192,128,129,359.1,33.7,62.7,Magenta Sedang
Olive,#808000,128,128,0,60.0,100.0,25.1,Oranye Sedang
Olive Drab #7,#3c341f,60,52,31,43.4,31.9,17.8,Oranye Gelap
Olive Drab (Web) (Olive Drab #3),#6b8e23,107,142,35,79.6,60.5,34.7,Kuning Sedang
Olivine,#9ab973,154,185,115,86.6,33.3,58.8,Kuning Muda
Onyx,#353839,53,56,57,195.0,3.6,21.6,Abu-Abu
Opera Mauve,#b784a7,183,132,167,318.8,26.2,61.8,Magenta Muda
Orange (Color Wheel),#ff7f00,255,127,0,29.9,100.0,50.0,Merah Sedang
Orange Peel,#ff9f00,255,159,0,37.4,100.0,50.0,Merah Sedang
Orange-Red,#ff4500,255,69,0,16.2,100.0,50.0,Merah Sedang
Orange (Ryb),#fb9902,251,153,2,36.4,98.4,49.6,Merah Sedang
Orange (Web Color),#ffa500,255,165,0,38.8,100.0,50.0,Merah Sedang
Orchid,#da70d6,218,112,214,302.3,58.9,64.7,Magenta Muda
Otter Brown,#654321,101,67,33,30.0,50.7,26.3,Oranye Gelap
Ou Crimson Red,#900,153,0,0,0.0,100.0,30.0,Merah Gelap
Outer Space,#414a4c,65,74,76,190.9,7.8,27.6,Abu-Abu
Outrageous Orange,#ff6e4a,255,110,74,11.9,100.0,64.5,Merah Sedang
Oxford Blue,#002147,0,33,71,212.1,100.0,13.9,Hitam
Pakistan Green,#060,0,102,0,120.0,100.0,20.0,Hitam
Palatinate Blue,#273be2,39,59,226,233.6,76.3,52.0,Biru Sedang
Palatinate Purple,#682860,104,40,96,307.5,44.4,28.2,Merah Sedang
Pale Aqua,#bcd4e6,188,212,230,205.7,45.7,82.0,Cyan Terang
Pale Blue,#afeeee,175,238,238,180.0,64.9,81.0,Cyan Terang
Pale Brown,#987654,152,118,84,30.0,28.8,46.3,Oranye Sedang
Pale Carmine,#af4035,175,64,53,5.4,53.5,44.7,Merah Sedang
Pale Cerulean,#9bc4e2,155,196,226,205.4,55.0,74.7,Cyan Muda
Pale Chestnut,#ddadaf,221,173,175,357.5,41.4,77.3,Magenta Muda
Pale Copper,#da8a67,218,138,103,18.3,60.8,62.9,Merah Muda
Pale Cornflower Blue,#abcdef,171,205,239,210.0,68.0,80.4,Cyan Terang
Pale Gold,#e6be8a,230,190,138,33.9,64.8,72.2,Oranye Muda
Pale Goldenrod,#eee8aa,238,232,170,54.7,66.7,80.0,Oranye Terang
Pale Green,#98fb98,152,251,152,120.0,92.5,79.0,Hijau Muda
Pale Lavender,#dcd0ff,220,208,255,255.3,100.0,90.8,Ungu Terang
Pale Magenta,#f984e5,249,132,229,310.3,90.7,74.7,Magenta Terang
Pale Pink,#fadadd,250,218,221,354.4,76.2,91.8,Magenta Terang
Pale Plum,#dda0dd,221,160,221,300.0,47.3,74.7,Magenta Terang
Pale Red-Violet,#db7093,219,112,147,340.4,59.8,64.9,Magenta Muda
Pale Robin Egg Blue,#96ded1,150,222,209,169.2,52.2,72.9,Cyan Muda
Pale Silver,#c9c0bb,201,192,187,21.4,11.5,76.1,Abu-Abu
Pale Spring Bud,#ecebbd,236,235,189,58.7,55.3,83.3,Oranye Terang
Pale Taupe,#bc987e,188,152,126,25.2,31.6,61.6,Oranye Muda
Pale Violet-Red,#db7093,219,112,147,340.4,59.8,64.9,Magenta Muda
Pansy Purple,#78184a,120,24,74,328.8,66.7,28.2,Merah Gelap
Papaya Whip,#ffefd5,255,239,213,37.1,100.0,91.8,Oranye Terang
Paris Green,#50c878,80,200,120,140.0,52.2,54.9,Cyan Sedang
Pastel Blue,#aec6cf,174,198,207,196.4,25.6,74.7,Cyan Muda
Pastel Brown,#836953,131,105,83,27.5,22.4,42.0,Oranye Sedang
Pastel Gray,#cfcfc4,207,207,196,60.0,10.3,79.0,Abu-Abu
Pastel Green,#7d7,119,221,119,120.0,60.0,66.7,Hijau Muda
Pastel Magenta,#f49ac2,244,154,194,333.3,80.4,78.0,Magenta Muda
Pastel Orange,#ffb347,255,179,71,35.2,100.0,63.9,Merah Muda
Pastel Pink,#dea5a4,222,165,164,1.0,46.8,75.7,Oranye Muda
Pastel Purple,#b39eb5,179,158,181,294.8,13.5,66.5,Ungu Muda
Pastel Red,#ff6961,255,105,97,3.0,100.0,69.0,Merah Muda
Pastel Violet,#cb99c9,203,153,201,302.4,32.5,69.8,Magenta Muda
Pastel Yellow,#fdfd96,253,253,150,60.0,96.3,79.0,Oranye Terang
Patriarch,#800080,128,0,128,300.0,100.0,25.1,Magenta Sedang
Payne'S Grey,#536878,83,104,120,205.9,18.2,39.8,Cyan Sedang
Peach,#ffe5b4,255,229,180,39.2,100.0,85.3,Oranye Terang
Peach (Crayola),#ffcba4,255,203,164,25.7,100.0,82.2,Oranye Terang
Peach-Orange,#fc9,255,204,153,30.0,100.0,80.0,Oranye Terang
Peach Puff,#ffdab9,255,218,185,28.3,100.0,86.3,Oranye Terang
Peach-Yellow,#fadfad,250,223,173,39.0,88.5,82.9,Oranye Terang
Pear,#d1e231,209,226,49,65.8,75.3,53.9,Kuning Muda
Pearl,#eae0c8,234,224,200,42.4,44.7,85.1,Oranye Terang
Pearl Aqua,#88d8c0,136,216,192,162.0,50.6,69.0,Cyan Muda
Pearly Purple,#b768a2,183,104,162,315.9,35.4,56.3,Magenta Sedang
Peridot,#e6e200,230,226,0,59.0,100.0,45.1,Oranye Muda
Periwinkle,#ccf,204,204,255,240.0,100.0,90.0,Biru Terang
Persian Blue,#1c39bb,28,57,187,229.1,74.0,42.2,Biru Sedang
Persian Green,#00a693,0,166,147,173.1,100.0,32.5,Cyan Sedang
Persian Indigo,#32127a,50,18,122,258.5,74.3,27.5,Biru Gelap
Persian Orange,#d99058,217,144,88,26.0,62.9,59.8,Merah Sedang
Persian Pink,#f77fbe,247,127,190,328.5,88.2,73.3,Magenta Muda
Persian Plum,#701c1c,112,28,28,0.0,60.0,27.5,Merah Gelap
Persian Red,#c33,204,51,51,0.0,60.0,50.0,Merah Sedang
Persian Rose,#fe28a2,254,40,162,325.8,99.1,57.6,Magenta Muda
Persimmon,#ec5800,236,88,0,22.4,100.0,46.3,Merah Sedang
Peru,#cd853f,205,133,63,29.6,58.7,52.5,Merah Sedang
Phlox,#df00ff,223,0,255,292.5,100.0,50.0,Ungu Muda
Phthalo Blue,#000f89,0,15,137,233.4,100.0,26.9,Biru Gelap
Phthalo Green,#123524,18,53,36,150.9,49.3,13.9,Hitam
Piggy Pink,#fddde6,253,221,230,343.1,88.9,92.9,Magenta Terang
Pine Green,#01796f,1,121,111,175.0,98.4,23.9,Cyan Gelap
Pink,#ffc0cb,255,192,203,349.5,100.0,87.6,Magenta Terang
Pink Lace,#ffddf4,255,221,244,319.4,100.0,93.3,Magenta Terang
Pink-Orange,#f96,255,153,102,20.0,100.0,70.0,Merah Muda
Pink Pearl,#e7accf,231,172,207,324.4,55.1,79.0,Magenta Terang
Pink Sherbet,#f78fa7,247,143,167,346.2,86.7,76.5,Magenta Muda
Pistachio,#93c572,147,197,114,96.1,41.7,61.0,Kuning Muda
Platinum,#e5e4e2,229,228,226,40.0,5.5,89.2,Abu-Abu
Plum (Traditional),#8e4585,142,69,133,307.4,34.6,41.4,Magenta Sedang
Plum (Web),#dda0dd,221,160,221,300.0,47.3,74.7,Magenta Terang
Portland Orange,#ff5a36,255,90,54,10.7,100.0,60.6,Merah Sedang
Powder Blue (Web),#b0e0e6,176,224,230,186.7,51.9,79.6,Cyan Terang
Princeton Orange,#ff8f00,255,143,0,33.6,100.0,50.0,Merah Sedang
Prune,#701c1c,112,28,28,0.0,60.0,27.5,Merah Gelap
Prussian Blue,#003153,0,49,83,204.6,100.0,16.3,Biru Gelap
Psychedelic Purple,#df00ff,223,0,255,292.5,100.0,50.0,Ungu Muda
Puce,#c89,204,136,153,345.0,40.0,66.7,Magenta Muda
Pumpkin,#ff7518,255,117,24,24.2,100.0,54.7,Merah Sedang
Purple Heart,#69359c,105,53,156,270.3,49.3,41.0,Ungu Sedang
Purple (Html/Css),#800080,128,0,128,300.0,100.0,25.1,Magenta Sedang
Purple Mountain Majesty,#9678b6,150,120,182,269.0,29.8,59.2,Ungu Muda
Purple (Munsell),#9f00c5,159,0,197,288.4,100.0,38.6,Ungu Sedang
Purple Pizzazz,#fe4eda,254,78,218,312.3,98.9,65.1,Magenta Muda
Purple Taupe,#50404d,80,64,77,311.2,11.1,28.2,Abu-Abu
Purple (X11),#a020f0,160,32,240,276.9,87.4,53.3,Ungu Sedang
Quartz,#51484f,81,72,79,313.3,5.9,30.0,Abu-Abu
Rackley,#5d8aa8,93,138,168,204.0,30.1,51.2,Cyan Sedang
Radical Red,#ff355e,255,53,94,347.8,100.0,60.4,Merah Sedang
Rajah,#fbab60,251,171,96,29.0,95.1,68.0,Merah Muda
Raspberry,#e30b5d,227,11,93,337.2,90.8,46.7,Merah Sedang
Raspberry Glace,#915f6d,145,95,109,343.2,20.8,47.1,Magenta Sedang
Raspberry Pink,#e25098,226,80,152,330.4,71.6,60.0,Magenta Muda
Raspberry Rose,#b3446c,179,68,108,338.4,44.9,48.4,Magenta Sedang
Raw Umber,#826644,130,102,68,32.9,31.3,38.8,Oranye Sedang
Razzle Dazzle Rose,#f3c,255,51,204,315.0,100.0,60.0,Magenta Muda
Razzmatazz,#e3256b,227,37,107,337.9,77.2,51.8,Magenta Sedang
Red,#f00,255,0,0,0.0,100.0,50.0,Merah Sedang
Red-Brown,#a52a2a,165,42,42,0.0,59.4,40.6,Merah Sedang
Red Devil,#860111,134,1,17,352.8,98.5,26.5,Merah Gelap
Red (Munsell),#f2003c,242,0,60,345.1,100.0,47.5,Merah Sedang
Red (Ncs),#c40233,196,2,51,344.8,98.0,38.8,Merah Sedang
Red-Orange,#ff5349,255,83,73,3.3,100.0,64.3,Merah Sedang
Red (Pigment),#ed1c24,237,28,36,357.7,85.3,52.0,Merah Sedang
Red (Ryb),#fe2712,254,39,18,5.3,99.2,53.3,Merah Sedang
Red-Violet,#c71585,199,21,133,322.2,80.9,43.1,Magenta Sedang
Redwood,#ab4e52,171,78,82,357.4,37.3,48.8,Merah Sedang
Regalia,#522d80,82,45,128,266.7,48.0,33.9,Biru Sedang
Resolution Blue,#002387,0,35,135,224.4,100.0,26.5,Biru Gelap
Rich Black,#004040,0,64,64,180.0,100.0,12.5,Hijau Gelap
Rich Brilliant Lavender,#f1a7fe,241,167,254,291.0,97.8,82.5,Ungu Terang
Rich Carmine,#d70040,215,0,64,342.1,100.0,42.2,Merah Sedang
Rich Electric Blue,#0892d0,8,146,208,198.6,92.6,42.4,Cyan Sedang
Rich Lavender,#a76bcf,167,107,207,276.0,51.0,61.6,Ungu Muda
Rich Lilac,#b666d2,182,102,210,284.4,54.5,61.2,Ungu Muda
Rich Maroon,#b03060,176,48,96,337.5,57.1,43.9,Merah Sedang
Rifle Green,#414833,65,72,51,80.0,17.1,24.1,Kuning Gelap
Robin Egg Blue,#0cc,0,204,204,180.0,100.0,40.0,Cyan Sedang
Rose,#ff007f,255,0,127,330.1,100.0,50.0,Magenta Sedang
Rose Bonbon,#f9429e,249,66,158,329.8,93.8,61.8,Magenta Muda
Rose Ebony,#674846,103,72,70,3.6,19.1,33.9,Oranye Sedang
Rose Gold,#b76e79,183,110,121,351.0,33.6,57.5,Magenta Sedang
Rose Madder,#e32636,227,38,54,354.9,77.1,52.0,Merah Sedang
Rose Pink,#f6c,255,102,204,320.0,100.0,70.0,Magenta Muda
Rose Quartz,#aa98a9,170,152,169,303.3,9.6,63.1,Abu-Abu
Rose Taupe,#905d5d,144,93,93,0.0,21.5,46.5,Merah Sedang
Rose Vale,#ab4e52,171,78,82,357.4,37.3,48.8,Merah Sedang
Rosewood,#65000b,101,0,11,353.5,100.0,19.8,Hitam
Rosso Corsa,#d40000,212,0,0,0.0,100.0,41.6,Merah Gelap
Rosy Brown,#bc8f8f,188,143,143,0.0,25.1,64.9,Merah Muda
Royal Azure,#0038a8,0,56,168,220.0,100.0,32.9,Biru Gelap
Royal Blue (Traditional),#002366,0,35,102,219.4,100.0,20.0,Biru Gelap
Royal Blue (Web),#4169e1,65,105,225,225.0,72.7,56.9,Cyan Sedang
Royal Fuchsia,#ca2c92,202,44,146,321.3,64.2,48.2,Magenta Sedang
Royal Purple,#7851a9,120,81,169,266.6,35.2,49.0,Ungu Sedang
Royal Yellow,#fada5e,250,218,94,47.7,94.0,67.5,Oranye Muda
Rubine Red,#d10056,209,0,86,335.3,100.0,41.0,Merah Sedang
Ruby,#e0115f,224,17,95,337.4,85.9,47.3,Merah Sedang
Ruby Red,#9b111e,155,17,30,354.3,80.2,33.7,Merah Gelap
Ruddy,#ff0028,255,0,40,350.6,100.0,50.0,Merah Sedang
Ruddy Brown,#bb6528,187,101,40,24.9,64.8,44.5,Merah Sedang
Ruddy Pink,#e18e96,225,142,150,354.2,58.0,72.0,Magenta Muda
Rufous,#a81c07,168,28,7,7.8,92.0,34.3,Merah Gelap
Russet,#80461b,128,70,27,25.5,65.2,30.4,Oranye Gelap
Rust,#b7410e,183,65,14,18.1,85.8,38.6,Merah Sedang
Rusty Red,#da2c43,218,44,67,352.1,70.2,51.4,Merah Sedang
Sacramento State Green,#00563f,0,86,63,164.0,100.0,16.9,Hijau Gelap
Saddle Brown,#8b4513,139,69,19,25.0,75.9,31.0,Merah Gelap
Safety Orange (Blaze Orange),#ff6700,255,103,0,24.2,100.0,50.0,Merah Sedang
Saffron,#f4c430,244,196,48,45.3,89.9,57.3,Oranye Muda
Salmon,#ff8c69,255,140,105,14.0,100.0,70.6,Merah Muda
Salmon Pink,#ff91a4,255,145,164,349.6,100.0,78.4,Magenta Muda
Sand,#c2b280,194,178,128,45.5,35.1,63.1,Oranye Muda
Sand Dune,#967117,150,113,23,42.5,73.4,33.9,Oranye Sedang
Sandstorm,#ecd540,236,213,64,52.0,81.9,58.8,Oranye Muda
Sandy Brown,#f4a460,244,164,96,27.6,87.1,66.7,Merah Muda
Sandy Taupe,#967117,150,113,23,42.5,73.4,33.9,Oranye Sedang
Sangria,#92000a,146,0,10,355.9,100.0,28.6,Merah Gelap
Sap Green,#507d2a,80,125,42,92.5,49.7,32.7,Kuning Sedang
Sapphire,#0f52ba,15,82,186,216.5,85.1,39.4,Biru Sedang
Sapphire Blue,#0067a5,0,103,165,202.5,100.0,32.4,Cyan Sedang
Satin Sheen Gold,#cba135,203,161,53,43.2,59.1,50.2,Oranye Sedang
Scarlet,#ff2400,255,36,0,8.5,100.0,50.0,Merah Sedang
Scarlet (Crayola),#fd0e35,253,14,53,350.2,98.4,52.4,Merah Sedang
School Bus Yellow,#ffd800,255,216,0,50.8,100.0,50.0,Oranye Muda
Screamin' Green,#76ff7a,118,255,122,121.8,100.0,73.1,Cyan Muda
Sea Blue,#006994,0,105,148,197.4,100.0,29.0,Cyan Sedang
Sea Green,#2e8b57,46,139,87,146.5,50.3,36.3,Cyan Sedang
Seal Brown,#321414,50,20,20,0.0,42.9,13.7,Hitam
Seashell,#fff5ee,255,245,238,24.7,100.0,96.7,Putih
Selective Yellow,#ffba00,255,186,0,43.8,100.0,50.0,Oranye Sedang
Sepia,#704214,112,66,20,30.0,69.7,25.9,Oranye Gelap
Shadow,#8a795d,138,121,93,37.3,19.5,45.3,Oranye Sedang
Shamrock Green,#009e60,0,158,96,156.5,100.0,31.0,Cyan Sedang
Shocking Pink,#fc0fc0,252,15,192,315.2,97.5,52.4,Magenta Muda
Shocking Pink (Crayola),#ff6fff,255,111,255,300.0,100.0,71.8,Magenta Terang
Sienna,#882d17,136,45,23,11.7,71.1,31.2,Merah Gelap
Silver,#c0c0c0,192,192,192,0.0,0.0,75.3,Abu-Abu
Sinopia,#cb410b,203,65,11,16.9,89.7,42.0,Merah Sedang
Skobeloff,#007474,0,116,116,180.0,100.0,22.7,Cyan Gelap
Sky Blue,#87ceeb,135,206,235,197.4,71.4,72.5,Cyan Muda
Sky Magenta,#cf71af,207,113,175,320.4,49.5,62.7,Magenta Muda
Slate Blue,#6a5acd,106,90,205,248.3,53.5,57.8,Ungu Sedang
Slate Gray,#708090,112,128,144,210.0,12.6,50.2,Cyan Sedang
Smalt (Dark Powder Blue),#039,0,51,153,220.0,100.0,30.0,Biru Gelap
Smokey Topaz,#933d41,147,61,65,357.2,41.3,40.8,Merah Sedang
Smoky Black,#100c08,16,12,8,30.0,33.3,4.7,Hitam
Snow,#fffafa,255,250,250,0.0,100.0,99.0,Putih
Spiro Disco Ball,#0fc0fc,15,192,252,195.2,97.5,52.4,Cyan Muda
Spring Bud,#a7fc00,167,252,0,80.2,100.0,49.4,Hijau Sedang
Spring Green,#00ff7f,0,255,127,149.9,100.0,50.0,Cyan Sedang
St. Patrick'S Blue,#23297a,35,41,122,235.9,55.4,30.8,Biru Gelap
Steel Blue,#4682b4,70,130,180,207.3,44.0,49.0,Cyan Sedang
Stil De Grain Yellow,#fada5e,250,218,94,47.7,94.0,67.5,Oranye Muda
Stizza,#900,153,0,0,0.0,100.0,30.0,Merah Gelap
Stormcloud,#4f666a,79,102,106,188.9,14.6,36.3,Cyan Sedang
Straw,#e4d96f,228,217,111,54.4,68.4,66.5,Oranye Muda
Sunglow,#fc3,255,204,51,45.0,100.0,60.0,Oranye Muda
Sunset,#fad6a5,250,214,165,34.6,89.5,81.4,Oranye Terang
Tan,#d2b48c,210,180,140,34.3,43.7,68.6,Oranye Muda
Tangelo,#f94d00,249,77,0,18.6,100.0,48.8,Merah Sedang
Tangerine,#f28500,242,133,0,33.0,100.0,47.5,Merah Sedang
Tangerine Yellow,#fc0,255,204,0,48.0,100.0,50.0,Oranye Muda
Tango Pink,#e4717a,228,113,122,355.3,68.0,66.9,Magenta Muda
Taupe,#483c32,72,60,50,27.3,18.0,23.9,Oranye Gelap
Taupe Gray,#8b8589,139,133,137,320.0,2.5,53.3,Abu-Abu
Tea Green,#d0f0c0,208,240,192,100.0,61.5,84.7,Kuning Terang
Tea Rose (Orange),#f88379,248,131,121,4.7,90.1,72.4,Merah Muda
Tea Rose (Rose),#f4c2c2,244,194,194,0.0,69.4,85.9,Merah Terang
Teal,#008080,0,128,128,180.0,100.0,25.1,Cyan Sedang
Teal Blue,#367588,54,117,136,193.9,43.2,37.3,Cyan Sedang
Teal Green,#00827f,0,130,127,178.6,100.0,25.5,Cyan Sedang
Telemagenta,#cf3476,207,52,118,334.5,61.8,50.8,Magenta Sedang
Tenné (Tawny),#cd5700,205,87,0,25.5,100.0,40.2,Merah Sedang
Terra Cotta,#e2725b,226,114,91,10.2,69.9,62.2,Merah Sedang
Thistle,#d8bfd8,216,191,216,300.0,24.3,79.8,Magenta Terang
Thulian Pink,#de6fa1,222,111,161,333.0,62.7,65.3,Magenta Muda
Tickle Me Pink,#fc89ac,252,137,172,341.7,95.0,76.3,Magenta Muda
Tiffany Blue,#0abab5,10,186,181,178.3,89.8,38.4,Cyan Sedang
Tiger'S Eye,#e08d3c,224,141,60,29.6,72.6,55.7,Merah Sedang
Timberwolf,#dbd7d2,219,215,210,33.3,11.1,84.1,Abu-Abu
Titanium Yellow,#eee600,238,230,0,58.0,100.0,46.7,Oranye Muda
Tomato,#ff6347,255,99,71,9.1,100.0,63.9,Merah Sedang
Toolbox,#746cc0,116,108,192,245.7,40.0,58.8,Ungu Sedang
Topaz,#ffc87c,255,200,124,34.8,100.0,74.3,Oranye Muda
Tractor Red,#fd0e35,253,14,53,350.2,98.4,52.4,Merah Sedang
Trolley Grey,#808080,128,128,128,0.0,0.0,50.2,Abu-Abu
Tropical Rain Forest,#00755e,0,117,94,168.2,100.0,22.9,Cyan Gelap
True Blue,#0073cf,0,115,207,206.7,100.0,40.6,Cyan Sedang
Tufts Blue,#417dc1,65,125,193,211.9,50.8,50.6,Cyan Sedang
Tumbleweed,#deaa88,222,170,136,23.7,56.6,70.2,Oranye Muda
Turkish Rose,#b57281,181,114,129,346.6,31.2,57.8,Magenta Sedang
Turquoise,#30d5c8,48,213,200,175.3,66.3,51.2,Cyan Muda
Turquoise Blue,#00ffef,0,255,239,176.2,100.0,50.0,Cyan Muda
Turquoise Green,#a0d6b4,160,214,180,142.2,39.7,73.3,Cyan Muda
Tuscan Red,#7c4848,124,72,72,0.0,26.5,38.4,Merah Sedang
Twilight Lavender,#8a496b,138,73,107,328.6,30.8,41.4,Magenta Sedang
Tyrian Purple,#66023c,102,2,60,325.2,96.2,20.4,Merah Gelap
Ua Blue,#03a,0,51,170,222.0,100.0,33.3,Biru Gelap
Ua Red,#d9004c,217,0,76,339.0,100.0,42.5,Merah Sedang
Ube,#8878c3,136,120,195,252.8,38.5,61.8,Ungu Muda
Ucla Blue,#536895,83,104,149,220.9,28.4,45.5,Cyan Sedang
Ucla Gold,#ffb300,255,179,0,42.1,100.0,50.0,Merah Sedang
Ufo Green,#3cd070,60,208,112,141.1,61.2,52.5,Cyan Sedang
Ultra Pink,#ff6fff,255,111,255,300.0,100.0,71.8,Magenta Terang
Ultramarine,#120a8f,18,10,143,243.6,86.9,30.0,Biru Gelap
Ultramarine Blue,#4166f5,65,102,245,227.7,90.0,60.8,Cyan Sedang
Umber,#635147,99,81,71,21.4,16.5,33.3,Oranye Sedang
Unbleached Silk,#ffddca,255,221,202,21.5,100.0,89.6,Oranye Terang
United Nations Blue,#5b92e5,91,146,229,216.1,72.6,62.7,Cyan Muda
University Of California Gold,#b78727,183,135,39,40.0,64.9,43.5,Oranye Sedang
Unmellow Yellow,#ff6,255,255,102,60.0,100.0,70.0,Oranye Terang
Up Forest Green,#014421,1,68,33,148.7,97.1,13.5,Hitam
Up Maroon,#7b1113,123,17,19,358.9,75.7,27.5,Merah Gelap
Upsdell Red,#ae2029,174,32,41,356.2,68.9,40.4,Merah Sedang
Urobilin,#e1ad21,225,173,33,43.8,76.2,50.6,Oranye Sedang
Usafa Blue,#004f98,0,79,152,208.8,100.0,29.8,Biru Gelap
Usc Cardinal,#900,153,0,0,0.0,100.0,30.0,Merah Gelap
Usc Gold,#fc0,255,204,0,48.0,100.0,50.0,Oranye Muda
Utah Crimson,#d3003f,211,0,63,342.1,100.0,41.4,Merah Sedang
Vanilla,#f3e5ab,243,229,171,48.3,75.0,81.2,Oranye Terang
Vegas Gold,#c5b358,197,179,88,50.1,48.4,55.9,Oranye Muda
Venetian Red,#c80815,200,8,21,355.9,92.3,40.8,Merah Gelap
Verdigris,#43b3ae,67,179,174,177.3,45.5,48.2,Cyan Sedang
Vermilion (Cinnabar),#e34234,227,66,52,4.8,75.8,54.7,Merah Sedang
Vermilion (Plochere),#d9603b,217,96,59,14.1,67.5,54.1,Merah Sedang
Veronica,#a020f0,160,32,240,276.9,87.4,53.3,Ungu Sedang
Violet,#8f00ff,143,0,255,273.6,100.0,50.0,Ungu Sedang
Violet-Blue,#324ab2,50,74,178,228.8,56.1,44.7,Biru Sedang
Violet (Color Wheel),#7f00ff,127,0,255,269.9,100.0,50.0,Ungu Sedang
Violet (Ryb),#8601af,134,1,175,285.9,98.9,34.5,Ungu Sedang
Violet (Web),#ee82ee,238,130,238,300.0,76.1,72.2,Magenta Terang
Viridian,#40826d,64,130,109,160.9,34.0,38.0,Cyan Sedang
Vivid Auburn,#922724,146,39,36,1.6,60.4,35.7,Merah Gelap
Vivid Burgundy,#9f1d35,159,29,53,348.9,69.1,36.9,Merah Sedang
Vivid Cerise,#da1d81,218,29,129,328.3,76.5,48.4,Magenta Sedang
Vivid Tangerine,#ffa089,255,160,137,11.7,100.0,76.9,Merah Muda
Vivid Violet,#9f00ff,159,0,255,277.4,100.0,50.0,Ungu Sedang
Warm Black,#004242,0,66,66,180.0,100.0,12.9,Hijau Gelap
Waterspout,#a4f4f9,164,244,249,183.5,87.6,81.0,Cyan Terang
Wenge,#645452,100,84,82,6.7,9.9,35.7,Abu-Abu
Wheat,#f5deb3,245,222,179,39.1,76.7,83.1,Oranye Terang
White,#fff,255,255,255,0.0,0.0,100.0,Putih
White Smoke,#f5f5f5,245,245,245,0.0,0.0,96.1,Putih
Wild Blue Yonder,#a2add0,162,173,208,225.7,32.9,72.5,Cyan Muda
Wild Strawberry,#ff43a4,255,67,164,329.0,100.0,63.1,Magenta Muda
Wild Watermelon,#fc6c85,252,108,133,349.6,96.0,70.6,Magenta Muda
Wine,#722f37,114,47,55,352.8,41.6,31.6,Merah Gelap
Wine Dregs,#673147,103,49,71,335.6,35.5,29.8,Merah Gelap
Wisteria,#c9a0dc,201,160,220,281.0,46.2,74.5,Ungu Muda
Wood Brown,#c19a6b,193,154,107,32.8,41.0,58.8,Oranye Muda
Xanadu,#738678,115,134,120,135.8,7.6,48.8,Abu-Abu
Yale Blue,#0f4d92,15,77,146,211.6,81.4,31.6,Biru Gelap
Yellow,#ff0,255,255,0,60.0,100.0,50.0,Oranye Muda
Yellow-Green,#9acd32,154,205,50,79.7,60.8,50.0,Kuning Sedang
Yellow (Munsell),#efcc00,239,204,0,51.2,100.0,46.9,Oranye Sedang
Yellow (Ncs),#ffd300,255,211,0,49.6,100.0,50.0,Oranye Muda
Yellow Orange,#ffae42,255,174,66,34.3,100.0,62.9,Merah Muda
Yellow (Process),#ffef00,255,239,0,56.2,100.0,50.0,Oranye Muda
Yellow (Ryb),#fefe33,254,254,51,60.0,99.0,59.8,Oranye Muda
Zaffre,#0014a8,0,20,168,232.9,100.0,32.9,Biru Gelap
Zinnwaldite Brown,#2c1608,44,22,8,23.3,69.2,10.2,Hitam
